{"valid": false,"temp":18.83177570093458,"pressure":100.6029206445804,"uv":0.04444444444444445}