{"valid": false,"temp":18.457943925233643,"pressure":100.39140570153879,"uv":0.04444444444444445}