{"valid": false,"temp":19.018691588785046,"pressure":100.64233294616261,"uv":0.04444444444444445}