{"valid": false,"temp":20.327102803738317,"pressure":100.25207289611929,"uv":0.04444444444444445}