{"valid": false,"temp":20.88785046728972,"pressure":99.5691560627795,"uv":0.06666666666666668}